year,TOPEX/Poseidon,Jason-1,Jason-2,Jason-3
1992.96120,3.60000,,,
1992.98550,-33.45000,,,
1993.01170,-87.40000,,,
1993.04050,-35.50000,,,
1993.06590,-61.98000,,,
1993.09770,-21.08000,,,
1993.11980,-103.40000,,,
1993.14950,-70.67000,,,
1993.17620,12.00000,,,
1993.20290,-1.90000,,,
1993.23020,-61.35000,,,
1993.28450,-27.34000,,,
1993.31130,-17.06000,,,
1993.33880,1.06000,,,
1993.36650,-0.44000,,,
1993.39340,7.00000,,,
1993.42010,-3.73000,,,
1993.44820,-12.08000,,,
1993.47440,-22.22000,,,
1993.49980,-20.67000,,,
1993.52830,-35.06000,,,
1993.58280,-26.83000,,,
1993.61050,-42.82000,,,
1993.63730,-23.71000,,,
1993.66430,4.34000,,,
1993.69140,-10.71000,,,
1993.71810,12.54000,,,
1993.74580,-22.70000,,,
1993.77290,24.55000,,,
1993.80020,16.85000,,,
1993.85500,0.86000,,,
1993.88150,-97.37000,,,
1993.90900,-72.30000,,,
1993.93620,-29.88000,,,
1993.96310,-29.56000,,,
1993.98980,-16.94000,,,
1994.01740,27.82000,,,
1994.04450,11.22000,,,
1994.07170,-106.11000,,,
1994.09870,-65.12000,,,
1994.12560,43.13000,,,
1994.15290,24.30000,,,
1994.18010,-37.62000,,,
1994.23470,-78.13000,,,
1994.26130,-67.67000,,,
1994.28830,-25.47000,,,
1994.31600,20.49000,,,
1994.34330,-5.95000,,,
1994.37010,-4.20000,,,
1994.39720,33.28000,,,
1994.42450,-6.82000,,,
1994.45180,-24.40000,,,
1994.50500,-25.18000,,,
1994.53320,-21.03000,,,
1994.56010,-43.50000,,,
1994.58760,-7.76000,,,
1994.61470,-6.33000,,,
1994.64170,-13.26000,,,
1994.66880,-10.84000,,,
1994.69610,-22.45000,,,
1994.72310,-12.36000,,,
1994.75050,-15.75000,,,
1994.77660,-47.48000,,,
1994.80480,-30.59000,,,
1994.83180,-4.77000,,,
1994.88530,-9.50000,,,
1994.91320,-14.21000,,,
1994.94020,-28.32000,,,
1994.96750,-25.41000,,,
1994.99460,-7.49000,,,
1995.02190,-31.54000,,,
1995.04900,-53.80000,,,
1995.07600,-15.51000,,,
1995.10310,1.85000,,,
1995.13020,32.93000,,,
1995.15780,-21.23000,,,
1995.21190,-52.64000,,,
1995.23900,-55.97000,,,
1995.26650,-46.10000,,,
1995.29380,-9.33000,,,
1995.32050,-7.95000,,,
1995.37480,-18.32000,,,
1995.40170,-25.02000,,,
1995.42900,-27.54000,,,
1995.45590,12.35000,,,
1995.48280,-10.30000,,,
1995.53760,-9.35000,,,
1995.56480,-20.08000,,,
1995.59180,-17.08000,,,
1995.61880,-23.11000,,,
1995.64640,-24.14000,,,
1995.67290,-15.34000,,,
1995.70060,6.42000,,,
1995.72740,-25.38000,,,
1995.75460,-35.28000,,,
1995.78200,-44.10000,,,
1995.83680,-19.48000,,,
1995.86340,5.61000,,,
1995.88880,34.82000,,,
1995.94510,1.49000,,,
1995.97240,44.59000,,,
1995.99720,116.66000,,,
1996.02620,120.16000,,,
1996.05210,5.93000,,,
1996.08080,74.89000,,,
1996.10790,38.62000,,,
1996.16290,-0.82000,,,
1996.18910,-15.91000,,,
1996.21620,32.53000,,,
1996.24360,33.73000,,,
1996.27070,14.54000,,,
1996.29780,-26.36000,,,
1996.32510,-29.83000,,,
1996.35220,56.21000,,,
1996.37940,78.18000,,,
1996.40630,17.26000,,,
1996.43450,-24.71000,,,
1996.48780,-40.28000,,,
1996.51490,-16.22000,,,
1996.54200,-2.40000,,,
1996.56940,19.36000,,,
1996.59720,-0.70000,,,
1996.62370,19.06000,,,
1996.65090,2.36000,,,
1996.67780,-36.45000,,,
1996.70480,6.34000,,,
1996.73320,37.77000,,,
1996.75910,2.56000,,,
1996.81370,0.53000,,,
1996.84050,-18.43000,,,
1996.86800,22.07000,,,
1996.89480,43.05000,,,
1996.92220,15.35000,,,
1996.94980,11.25000,,,
1996.97620,77.13000,,,
1997.00380,105.07000,,,
1997.03060,98.61000,,,
1997.05840,79.49000,,,
1997.08470,-4.33000,,,
1997.13930,-20.25000,,,
1997.16660,-24.07000,,,
1997.19370,-18.47000,,,
1997.22060,-15.66000,,,
1997.24820,-61.44000,,,
1997.27520,-61.90000,,,
1997.30230,-56.30000,,,
1997.32930,11.77000,,,
1997.35680,37.74000,,,
1997.38400,26.38000,,,
1997.41080,16.96000,,,
1997.46540,16.27000,,,
1997.49080,13.08000,,,
1997.51940,14.21000,,,
1997.54670,-14.98000,,,
1997.57390,-6.79000,,,
1997.62800,-16.12000,,,
1997.65530,-3.49000,,,
1997.68260,13.50000,,,
1997.70920,16.41000,,,
1997.73700,-28.98000,,,
1997.79060,0.85000,,,
1997.81820,22.49000,,,
1997.84550,22.28000,,,
1997.87250,67.00000,,,
1997.89950,20.19000,,,
1997.92660,-0.96000,,,
1997.95390,2.61000,,,
1997.98120,71.95000,,,
1998.00830,0.73000,,,
1998.03580,-17.98000,,,
1998.08990,36.34000,,,
1998.11680,51.05000,,,
1998.14380,-36.13000,,,
1998.17100,-9.86000,,,
1998.19840,3.21000,,,
1998.22520,-38.31000,,,
1998.25210,-26.59000,,,
1998.27800,-6.02000,,,
1998.30670,52.55000,,,
1998.33400,-9.87000,,,
1998.36080,15.20000,,,
1998.41560,14.68000,,,
1998.44210,-6.23000,,,
1998.46960,-11.44000,,,
1998.49710,2.50000,,,
1998.52410,13.25000,,,
1998.55110,31.83000,,,
1998.60520,19.52000,,,
1998.63300,14.99000,,,
1998.65930,33.73000,,,
1998.68690,18.67000,,,
1998.71390,16.92000,,,
1998.74130,-20.04000,,,
1998.76830,29.31000,,,
1998.82270,-5.67000,,,
1998.84970,23.27000,,,
1998.87680,9.06000,,,
1998.90400,-32.05000,,,
1998.93100,-47.31000,,,
1998.95850,-47.60000,,,
1998.98560,-28.79000,,,
1999.01270,8.73000,,,
1999.03960,-24.65000,,,
1999.09400,-23.30000,,,
1999.12470,39.81000,,,
1999.14850,-2.43000,,,
1999.17580,-18.56000,,,
1999.20280,50.49000,,,
1999.22970,23.17000,,,
1999.25720,7.39000,,,
1999.28370,-6.71000,,,
1999.33830,37.98000,,,
1999.36590,-15.30000,,,
1999.39240,3.45000,,,
1999.42010,0.87000,,,
1999.44700,-6.97000,,,
1999.47400,-5.82000,,,
1999.50090,-11.89000,,,
1999.52860,6.24000,,,
1999.55610,-8.50000,,,
1999.58280,1.37000,,,
1999.61000,41.88000,,,
1999.63710,39.27000,,,
1999.69130,-11.37000,,,
1999.71840,-13.16000,,,
1999.74600,24.14000,,,
1999.77270,-14.72000,,,
1999.80020,-17.95000,,,
1999.82780,54.52000,,,
1999.85430,-22.28000,,,
1999.88130,-5.23000,,,
1999.90830,-50.30000,,,
1999.96290,18.12000,,,
1999.98990,-38.67000,,,
2000.01670,-31.73000,,,
2000.04430,-32.60000,,,
2000.07120,-9.58000,,,
2000.09850,5.49000,,,
2000.12590,27.04000,,,
2000.15290,24.90000,,,
2000.17980,-19.76000,,,
2000.20710,-7.40000,,,
2000.23420,-11.81000,,,
2000.28880,90.74000,,,
2000.31610,78.87000,,,
2000.34310,24.99000,,,
2000.37010,-12.00000,,,
2000.39730,-5.04000,,,
2000.42400,-19.90000,,,
2000.45120,-18.65000,,,
2000.47880,-32.51000,,,
2000.50600,-6.97000,,,
2000.53280,9.90000,,,
2000.58730,0.16000,,,
2000.61430,-25.97000,,,
2000.64160,-9.92000,,,
2000.66840,-23.37000,,,
2000.69570,-19.09000,,,
2000.72220,-0.36000,,,
2000.75060,-28.98000,,,
2000.77670,-21.10000,,,
2000.80460,-24.38000,,,
2000.85890,-11.22000,,,
2000.88580,2.27000,,,
2000.91410,56.70000,,,
2000.94040,9.79000,,,
2000.96730,-18.13000,,,
2000.99460,82.01000,,,
2001.02150,107.21000,,,
2001.07570,8.73000,,,
2001.10340,49.68000,,,
2001.13040,1.40000,,,
2001.15700,-11.52000,,,
2001.18460,125.97000,,,
2001.21160,47.85000,,,
2001.23900,19.43000,,,
2001.26670,-44.83000,,,
2001.29260,-55.72000,,,
2001.32020,-25.29000,,,
2001.34770,8.74000,,,
2001.37450,34.76000,,,
2001.40150,-4.87000,,,
2001.42910,-15.27000,,,
2001.45590,-23.95000,,,
2001.48290,-16.33000,,,
2001.51050,-13.40000,,,
2001.53750,7.78000,,,
2001.56470,9.66000,,,
2001.59210,7.90000,,,
2001.61880,-11.41000,,,
2001.64590,-33.43000,,,
2001.67320,2.34000,,,
2001.70090,25.61000,,,
2001.72820,23.76000,,,
2001.75480,42.47000,,,
2001.78170,4.34000,,,
2001.80880,-0.91000,,,
2001.83620,0.16000,,,
2001.86310,9.24000,,,
2001.89140,-64.83000,,,
2001.91730,-78.01000,,,
2001.94500,-54.66000,,,
2001.97160,-88.40000,,,
2001.99880,-1.62000,,,
2002.02720,-68.41000,,,
2002.05300,,-16.16000,,
2002.05340,-26.91000,,,
2002.08030,23.33000,,,
2002.08100,,33.44000,,
2002.10700,-6.86000,,,
2002.10760,,5.90000,,
2002.13420,,23.21000,,
2002.13480,15.35000,,,
2002.16120,,8.45000,,
2002.16150,15.79000,,,
2002.18870,,41.51000,,
2002.18930,56.01000,,,
2002.21600,,20.08000,,
2002.21640,37.43000,,,
2002.24280,-25.02000,,,
2002.24320,,-29.83000,,
2002.26980,,15.80000,,
2002.27070,17.74000,,,
2002.29700,,91.84000,,
2002.29780,72.94000,,,
2002.32470,,13.39000,,
2002.32490,8.92000,,,
2002.35150,,-9.98000,,
2002.35160,-7.25000,,,
2002.37930,-16.69000,-19.53000,,
2002.40550,,-6.31000,,
2002.40610,-5.29000,,,
2002.43300,,12.81000,,
2002.43350,12.34000,,,
2002.46000,,18.36000,,
2002.46040,17.18000,,,
2002.48790,,-40.55000,,
2002.48800,-33.44000,,,
2002.51450,,-32.05000,,
2002.54150,,-7.81000,,
2002.54190,3.73000,,,
2002.56880,,20.00000,,
2002.56900,23.10000,,,
2002.59580,,7.68000,,
2002.59600,8.37000,,,
2002.62260,,-14.27000,,
2002.62380,-11.38000,,,
2002.65030,,-4.65000,,
2002.65490,6.58000,,,
2002.67710,,29.87000,,
2002.67840,36.41000,,,
2002.70440,,47.98000,,
2002.70680,36.80000,,,
2002.73150,,57.89000,,
2002.73200,54.65000,,,
2002.75900,-8.12000,2.31000,,
2002.78590,,24.09000,,
2002.78640,19.52000,,,
2002.81290,,25.23000,,
2002.81330,21.34000,,,
2002.84000,-7.10000,,,
2002.84050,,-10.42000,,
2002.86700,,0.15000,,
2002.86770,3.89000,,,
2002.89330,,77.78000,,
2002.89550,67.62000,,,
2002.92160,,36.11000,,
2002.92220,19.25000,,,
2002.94890,12.24000,,,
2002.94900,,34.37000,,
2002.97610,,34.25000,,
2002.97630,22.80000,,,
2003.00320,,84.85000,,
2003.00350,74.27000,,,
2003.02950,80.02000,,,
2003.02990,,80.76000,,
2003.05730,,-14.63000,,
2003.05760,-19.57000,,,
2003.08450,,-8.57000,,
2003.08490,-9.93000,,,
2003.11180,,-4.63000,,
2003.11230,-13.15000,,,
2003.13890,,-34.47000,,
2003.13950,-32.39000,,,
2003.16600,,-32.66000,,
2003.16640,-10.51000,,,
2003.19360,-16.27000,-27.84000,,
2003.22040,-51.46000,,,
2003.22050,,-57.38000,,
2003.24790,-30.41000,,,
2003.24800,,-32.74000,,
2003.27500,4.53000,,,
2003.27910,,6.63000,,
2003.30170,,-18.74000,,
2003.30200,-11.24000,,,
2003.32850,,5.92000,,
2003.32900,6.03000,,,
2003.35620,,-16.73000,,
2003.35630,-6.15000,,,
2003.38320,,-29.87000,,
2003.38400,-20.62000,,,
2003.41010,,0.52000,,
2003.41060,-5.89000,,,
2003.43770,,-13.95000,,
2003.43800,-13.69000,,,
2003.46490,,-12.84000,,
2003.46540,-1.63000,,,
2003.49170,40.03000,,,
2003.49180,,18.85000,,
2003.51870,,11.97000,,
2003.51940,23.41000,,,
2003.54580,,1.78000,,
2003.54640,9.72000,,,
2003.57340,,1.77000,,
2003.57360,-0.78000,,,
2003.60050,,-3.45000,,
2003.60080,3.88000,,,
2003.62780,13.36000,8.88000,,
2003.65470,,9.95000,,
2003.65500,21.34000,,,
2003.68170,,13.72000,,
2003.68220,16.46000,,,
2003.70860,,-6.32000,,
2003.70910,-15.55000,,,
2003.73630,-23.37000,-19.47000,,
2003.76340,,16.93000,,
2003.76390,17.80000,,,
2003.79060,,-17.76000,,
2003.79120,-13.01000,,,
2003.81800,,28.65000,,
2003.81880,42.20000,,,
2003.84470,,80.23000,,
2003.84490,88.89000,,,
2003.87020,,-0.33000,,
2003.87200,-16.34000,,,
2003.89860,-74.87000,,,
2003.91100,,-25.33000,,
2003.92580,22.93000,,,
2003.92610,,29.46000,,
2003.95350,13.18000,2.40000,,
2003.98060,-6.83000,,,
2003.98080,,-5.75000,,
2004.00660,13.85000,,,
2004.00740,,17.89000,,
2004.03460,,15.88000,,
2004.03530,5.22000,,,
2004.06180,,3.17000,,
2004.06220,-0.65000,,,
2004.08880,,60.53000,,
2004.08940,44.99000,,,
2004.11270,,-26.11000,,
2004.11640,-22.71000,,,
2004.14360,19.92000,,,
2004.14810,,26.89000,,
2004.17060,,83.93000,,
2004.17100,87.24000,,,
2004.19720,28.42000,,,
2004.19740,,33.96000,,
2004.22530,,-62.10000,,
2004.22580,-68.23000,,,
2004.25040,,0.49000,,
2004.25300,13.03000,,,
2004.27910,,-5.07000,,
2004.27960,9.44000,,,
2004.30620,,-21.53000,,
2004.30650,-14.21000,,,
2004.33360,,25.58000,,
2004.33390,39.26000,,,
2004.36040,,71.31000,,
2004.36110,71.43000,,,
2004.38760,-3.49000,,,
2004.38780,,0.51000,,
2004.41520,,-5.70000,,
2004.44180,,-1.87000,,
2004.46920,,-7.79000,,
2004.47280,24.01000,,,
2004.49670,,17.73000,,
2004.49770,26.13000,,,
2004.52270,-11.31000,,,
2004.52350,,-24.73000,,
2004.54920,-26.62000,,,
2004.55070,,-25.07000,,
2004.57610,-2.61000,,,
2004.57780,,6.91000,,
2004.60480,,27.16000,,
2004.60700,29.30000,,,
2004.63200,,47.92000,,
2004.63270,49.71000,,,
2004.65890,,7.94000,,
2004.65960,0.00000,,,
2004.68630,,8.20000,,
2004.68670,6.75000,,,
2004.71360,,-8.43000,,
2004.71390,-11.18000,,,
2004.74050,,39.97000,,
2004.74140,36.03000,,,
2004.76800,26.16000,,,
2004.76860,,22.62000,,
2004.79410,,32.32000,,
2004.79650,28.71000,,,
2004.82200,22.80000,,,
2004.82280,,26.85000,,
2004.84960,,34.89000,,
2004.84970,19.47000,,,
2004.87630,,21.64000,,
2004.87640,8.84000,,,
2004.90340,,-39.99000,,
2004.90390,-55.09000,,,
2004.93060,-19.12000,,,
2004.93070,,2.21000,,
2004.95360,-68.87000,,,
2004.95790,,-63.69000,,
2004.98480,,-24.84000,,
2004.98490,-39.33000,,,
2005.01200,-30.01000,-8.65000,,
2005.03990,,-61.79000,,
2005.04000,-86.71000,,,
2005.06640,,12.07000,,
2005.06680,13.42000,,,
2005.09340,,60.91000,,
2005.09350,59.46000,,,
2005.12060,,-86.45000,,
2005.12090,-72.19000,,,
2005.14790,,-12.26000,,
2005.14800,-15.86000,,,
2005.17460,20.05000,,,
2005.17500,,43.21000,,
2005.20200,,18.66000,,
2005.20280,15.29000,,,
2005.22960,,11.82000,,
2005.23030,15.15000,,,
2005.25650,,33.08000,,
2005.25660,49.56000,,,
2005.28300,,-4.11000,,
2005.28390,4.76000,,,
2005.30920,25.76000,,,
2005.31020,,20.86000,,
2005.33860,,5.93000,,
2005.33960,5.08000,,,
2005.36530,,30.78000,,
2005.36560,30.57000,,,
2005.39170,,-13.55000,,
2005.39250,-3.78000,,,
2005.41970,,-12.67000,,
2005.41980,-7.36000,,,
2005.44660,,17.21000,,
2005.44680,22.58000,,,
2005.47280,46.71000,,,
2005.47370,,45.00000,,
2005.50060,-0.70000,,,
2005.50100,,8.48000,,
2005.52790,,8.28000,,
2005.52850,5.87000,,,
2005.55500,,2.98000,,
2005.55530,3.88000,,,
2005.58250,29.99000,31.92000,,
2005.60940,22.03000,29.45000,,
2005.63680,,35.62000,,
2005.63740,28.44000,,,
2005.66320,12.30000,26.51000,,
2005.69070,,5.38000,,
2005.69160,0.21000,,,
2005.71310,,5.32000,,
2005.71900,-2.37000,,,
2005.74580,-17.70000,,,
2005.75050,,-20.19000,,
2005.76550,-21.23000,,,
2005.77220,,-20.71000,,
2005.79980,,-8.87000,,
2005.82670,,1.65000,,
2005.85320,,-1.13000,,
2005.88170,,-47.69000,,
2005.90770,,-11.77000,,
2005.93520,,48.87000,,
2005.96200,,-12.52000,,
2005.98940,,-33.37000,,
2006.01660,,5.90000,,
2006.04360,,-34.88000,,
2006.07100,,-39.27000,,
2006.09810,,-27.24000,,
2006.12520,,18.36000,,
2006.15250,,35.82000,,
2006.17960,,50.45000,,
2006.20680,,61.11000,,
2006.23370,,86.51000,,
2006.26110,,42.05000,,
2006.28770,,44.01000,,
2006.31540,,-15.51000,,
2006.34240,,-7.79000,,
2006.36950,,-10.30000,,
2006.39670,,-7.59000,,
2006.42390,,11.33000,,
2006.45130,,-9.69000,,
2006.47830,,15.34000,,
2006.50530,,56.62000,,
2006.53250,,18.42000,,
2006.55950,,-8.26000,,
2006.58680,,13.37000,,
2006.61400,,36.74000,,
2006.64090,,30.81000,,
2006.66750,,1.20000,,
2006.69610,,-8.83000,,
2006.72240,,19.57000,,
2006.74950,,41.30000,,
2006.77740,,-1.55000,,
2006.80340,,12.04000,,
2006.82410,,85.97000,,
2006.88860,,11.63000,,
2006.91270,,35.72000,,
2006.93920,,-27.29000,,
2006.96660,,-71.84000,,
2006.99400,,-73.60000,,
2007.02060,,-31.61000,,
2007.04850,,7.46000,,
2007.07520,,28.44000,,
2007.10260,,-2.83000,,
2007.12940,,56.78000,,
2007.15680,,30.66000,,
2007.18370,,25.66000,,
2007.21160,,-38.92000,,
2007.23810,,26.83000,,
2007.26500,,4.74000,,
2007.29230,,-34.30000,,
2007.31980,,-56.35000,,
2007.34680,,-25.04000,,
2007.37440,,-1.56000,,
2007.40170,,42.45000,,
2007.42830,,32.07000,,
2007.45550,,23.93000,,
2007.48250,,36.88000,,
2007.50960,,12.34000,,
2007.53630,,-4.89000,,
2007.56380,,4.86000,,
2007.59110,,18.81000,,
2007.61830,,2.64000,,
2007.64530,,-1.71000,,
2007.67300,,-26.74000,,
2007.69980,,-13.35000,,
2007.72690,,-21.23000,,
2007.75380,,27.80000,,
2007.78110,,26.12000,,
2007.80860,,-20.24000,,
2007.83550,,-45.72000,,
2007.86260,,-55.34000,,
2007.88930,,25.99000,,
2007.91710,,-45.39000,,
2007.94390,,-0.44000,,
2007.97080,,-1.97000,,
2007.99830,,-76.40000,,
2008.02520,,25.71000,,
2008.05240,,42.22000,,
2008.07960,,8.30000,,
2008.10750,,-12.73000,,
2008.13410,,-52.92000,,
2008.16140,,-53.21000,,
2008.18840,,-9.82000,,
2008.21550,,14.87000,,
2008.24260,,43.50000,,
2008.26990,,26.89000,,
2008.29700,,86.24000,,
2008.32440,,49.05000,,
2008.34420,,-10.98000,,
2008.37860,,-7.56000,,
2008.40560,,36.97000,,
2008.43250,,-2.15000,,
2008.45970,,-4.46000,,
2008.48770,,32.61000,,
2008.51380,,35.58000,,
2008.54130,,-0.44000,,
2008.54280,,,1.19000,
2008.56830,,-13.02000,,
2008.56840,,,-13.57000,
2008.59130,,-9.27000,,
2008.59690,,,-5.21000,
2008.62310,,,5.72000,
2008.64960,,,1.34000,
2008.64980,,-11.26000,,
2008.67740,,-12.54000,,
2008.67750,,,2.45000,
2008.70420,,27.65000,,
2008.70440,,,38.83000,
2008.73140,,23.32000,,
2008.73160,,,31.91000,
2008.75830,,-3.28000,,
2008.75850,,,10.54000,
2008.78570,,-48.70000,,
2008.78610,,,-33.22000,
2008.81280,,-12.67000,,
2008.81350,,,9.97000,
2008.83970,,31.24000,,
2008.84040,,,42.39000,
2008.86710,,41.28000,,
2008.86790,,,47.56000,
2008.89460,,-22.02000,,
2008.89480,,,-17.42000,
2008.92160,,49.01000,,
2008.92170,,,45.53000,
2008.94820,,34.24000,,
2008.94850,,,28.76000,
2008.97580,,11.98000,,
2008.97610,,,7.95000,
2009.00310,,,-50.35000,
2009.00320,,-52.95000,,
2009.02980,,-57.50000,,
2009.03090,,,-55.27000,
2009.05740,,-60.48000,,
2009.05760,,,-50.88000,
2009.08480,,,93.83000,
2009.11180,,,131.35000,
2009.12640,,76.04000,,
2009.13890,,,32.87000,
2009.15250,,-45.38000,,
2009.16600,,,-31.65000,
2009.17970,,-13.24000,,
2009.19320,,,36.82000,
2009.20640,,24.99000,,
2009.22060,,,-7.73000,
2009.23340,,-21.08000,,
2009.24730,,,5.83000,
2009.26110,,-0.95000,,
2009.27460,,,-13.00000,
2009.28790,,-11.42000,,
2009.30220,,,6.97000,
2009.31510,,2.65000,,
2009.32920,,,-6.50000,
2009.34200,,-10.70000,,
2009.35590,,,8.30000,
2009.36930,,15.85000,,
2009.38300,,,6.77000,
2009.39700,,17.73000,,
2009.40990,,,-4.89000,
2009.42400,,17.31000,,
2009.43740,,,49.50000,
2009.45090,,87.42000,,
2009.46480,,,72.80000,
2009.47810,,68.20000,,
2009.49190,,,63.45000,
2009.50580,,73.36000,,
2009.51950,,,54.36000,
2009.53230,,41.68000,,
2009.54610,,,4.92000,
2009.55940,,-3.33000,,
2009.57320,,,-4.14000,
2009.58650,,8.28000,,
2009.60040,,,10.29000,
2009.61410,,11.70000,,
2009.62790,,,7.92000,
2009.64120,,-6.90000,,
2009.65490,,,3.75000,
2009.66850,,17.13000,,
2009.68200,,,4.74000,
2009.69410,,-7.17000,,
2009.70930,,,1.40000,
2009.73600,,26.80000,,
2009.73620,,,21.71000,
2009.74950,,-6.00000,,
2009.76330,,,8.06000,
2009.77680,,23.80000,,
2009.79030,,,10.45000,
2009.80340,,10.74000,,
2009.81780,,,28.67000,
2009.83100,,33.26000,,
2009.84480,,,-0.01000,
2009.85770,,13.72000,,
2009.87170,,,39.27000,
2009.88540,,36.89000,,
2009.89950,,,-6.44000,
2009.91280,,-3.43000,,
2009.92600,,,12.35000,
2009.93940,,54.02000,,
2009.95390,,,39.24000,
2009.96690,,77.03000,,
2009.98040,,,127.52000,
2009.99430,,186.77000,,
2010.00780,,,173.78000,
2010.02120,,165.43000,,
2010.03470,,,132.54000,
2010.04810,,124.54000,,
2010.06210,,,71.30000,
2010.07530,,4.99000,,
2010.08920,,,-14.54000,
2010.10250,,25.63000,,
2010.11640,,,70.17000,
2010.12950,,119.91000,,
2010.14380,,,174.99000,
2010.15680,,196.36000,,
2010.17060,,,181.54000,
2010.18460,,135.36000,,
2010.19780,,,85.86000,
2010.21080,,30.56000,,
2010.22510,,,21.57000,
2010.23880,,-6.20000,,
2010.25210,,,-1.16000,
2010.26490,,-41.94000,,
2010.27950,,,-35.54000,
2010.29240,,0.48000,,
2010.30610,,,49.17000,
2010.31960,,41.49000,,
2010.33320,,,25.97000,
2010.34710,,17.29000,,
2010.36050,,,43.22000,
2010.37420,,66.89000,,
2010.38720,,,37.86000,
2010.40140,,14.73000,,
2010.41510,,,3.50000,
2010.42650,,25.85000,,
2010.44190,,,57.98000,
2010.45560,,81.10000,,
2010.46950,,,78.74000,
2010.48230,,60.64000,,
2010.49670,,,34.30000,
2010.50960,,19.04000,,
2010.52340,,,17.87000,
2010.53720,,14.69000,,
2010.55070,,,16.81000,
2010.56150,,27.50000,,
2010.57780,,,19.26000,
2010.59090,,20.99000,,
2010.60480,,,33.09000,
2010.61850,,37.26000,,
2010.63210,,,37.93000,
2010.64560,,27.68000,,
2010.65930,,,41.67000,
2010.67260,,38.71000,,
2010.68640,,,50.98000,
2010.69960,,49.32000,,
2010.71310,,,52.08000,
2010.72710,,49.22000,,
2010.74080,,,52.47000,
2010.75410,,53.74000,,
2010.76770,,,32.39000,
2010.78140,,56.70000,,
2010.79510,,,67.97000,
2010.80830,,76.95000,,
2010.82210,,,40.65000,
2010.83490,,27.39000,,
2010.84930,,,-4.62000,
2010.86270,,41.38000,,
2010.87660,,,90.89000,
2010.88970,,103.84000,,
2010.90330,,,92.74000,
2010.91700,,112.27000,,
2010.93090,,,102.14000,
2010.94400,,86.11000,,
2010.95770,,,46.45000,
2010.97130,,68.32000,,
2010.98560,,,95.98000,
2010.99840,,105.86000,,
2011.01260,,,70.17000,
2011.02520,,67.11000,,
2011.03850,,,64.84000,
2011.05310,,29.39000,,
2011.06690,,,-7.98000,
2011.07970,,13.44000,,
2011.09330,,,32.38000,
2011.10700,,3.18000,,
2011.12130,,,-3.07000,
2011.13410,,46.08000,,
2011.14820,,,87.26000,
2011.16120,,96.85000,,
2011.17460,,,31.92000,
2011.18830,,-17.23000,,
2011.20210,,,-11.32000,
2011.21560,,-3.73000,,
2011.22920,,,-14.19000,
2011.24260,,-44.00000,,
2011.25660,,,-41.70000,
2011.26900,,-40.60000,,
2011.28340,,,-20.22000,
2011.29700,,-7.76000,,
2011.31100,,,9.03000,
2011.32440,,30.25000,,
2011.33800,,,54.84000,
2011.35140,,72.14000,,
2011.36510,,,15.92000,
2011.37870,,-7.58000,,
2011.39220,,,-5.06000,
2011.40580,,11.22000,,
2011.41950,,,26.10000,
2011.43320,,37.76000,,
2011.44630,,,43.80000,
2011.46000,,55.26000,,
2011.47350,,,17.65000,
2011.48710,,16.89000,,
2011.50130,,,6.62000,
2011.51410,,29.48000,,
2011.52810,,,21.69000,
2011.54140,,21.63000,,
2011.55540,,,19.26000,
2011.56840,,53.45000,,
2011.58250,,,41.14000,
2011.59580,,21.68000,,
2011.60930,,,5.76000,
2011.62280,,5.95000,,
2011.63660,,,-5.55000,
2011.65020,,14.79000,,
2011.66350,,,18.97000,
2011.67710,,29.67000,,
2011.69060,,,18.61000,
2011.70430,,14.31000,,
2011.71770,,,18.00000,
2011.73150,,11.09000,,
2011.74510,,,-2.17000,
2011.75860,,-23.03000,,
2011.77260,,,-10.47000,
2011.78570,,9.10000,,
2011.79940,,,2.77000,
2011.81320,,13.15000,,
2011.82680,,,11.65000,
2011.84010,,5.71000,,
2011.85350,,,2.79000,
2011.86720,,4.81000,,
2011.88090,,,-31.89000,
2011.89440,,-42.89000,,
2011.90830,,,-62.10000,
2011.92020,,-71.75000,,
2011.93570,,,-19.05000,
2011.94890,,28.72000,,
2011.96260,,,43.84000,
2011.97560,,44.37000,,
2011.98940,,,14.69000,
2012.00230,,-15.47000,,
2012.01740,,,-18.03000,
2012.03000,,-2.48000,,
2012.04400,,,1.49000,
2012.05690,,-14.93000,,
2012.07090,,,-13.58000,
2012.08300,,-20.25000,,
2012.09820,,,-21.56000,
2012.11010,,-41.36000,,
2012.12520,,,-49.49000,
2012.12700,,-65.17000,,
2012.15290,,,-39.47000,
2012.16760,,-59.58000,,
2012.17950,,,-16.42000,
2012.20670,,,12.24000,
2012.23360,,,-17.83000,
2012.26080,,,20.15000,
2012.28790,,,77.61000,
2012.31500,,,75.73000,
2012.34230,,,57.65000,
2012.36500,,46.75000,,
2012.37000,,,45.89000,
2012.39430,,58.90000,,
2012.39670,,,68.91000,
2012.42420,,,19.68000,
2012.42530,,10.66000,,
2012.45110,,,0.17000,
2012.45370,,-10.46000,,
2012.47460,,-14.97000,,
2012.47870,,,7.31000,
2012.49520,,26.60000,,
2012.50530,,,29.77000,
2012.52520,,18.20000,,
2012.53260,,,7.19000,
2012.55510,,-5.76000,,
2012.55970,,,6.76000,
2012.58400,,43.04000,,
2012.58670,,,43.39000,
2012.60490,,36.22000,,
2012.61390,,,36.61000,
2012.62480,,37.26000,,
2012.64120,,,46.85000,
2012.65570,,39.07000,,
2012.66820,,,38.03000,
2012.68490,,9.89000,,
2012.69580,,,13.69000,
2012.71430,,19.77000,,
2012.72270,,,26.58000,
2012.73520,,19.49000,,
2012.74980,,,51.28000,
2012.75530,,51.03000,,
2012.77690,,,36.89000,
2012.78550,,33.31000,,
2012.80350,,,68.94000,
2012.81520,,60.76000,,
2012.83110,,,91.28000,
2012.83570,,91.71000,,
2012.85630,,78.39000,,
2012.85830,,,75.82000,
2012.88490,,,-37.51000,
2012.88540,,-42.81000,,
2012.91310,,,-10.54000,
2012.91680,,-1.03000,,
2012.93960,,,38.54000,
2012.94520,,42.75000,,
2012.96590,,54.06000,,
2012.96680,,,55.16000,
2012.98690,,65.48000,,
2012.99400,,,64.42000,
2013.01660,,-4.20000,,
2013.02120,,,-14.19000,
2013.04630,,14.68000,,
2013.04810,,,15.53000,
2013.07510,,135.59000,,
2013.07550,,,139.73000,
2013.09630,,68.72000,,
2013.10280,,,64.18000,
2013.11690,,17.69000,,
2013.12960,,,31.72000,
2013.14660,,5.93000,,
2013.15720,,,15.40000,
2013.18410,,,46.29000,
2013.21100,,,135.39000,
2013.21960,,103.81000,,
2013.22670,,124.28000,,
2013.24680,,117.84000,,
2013.27710,,97.70000,,
2013.29270,,,52.51000,
2013.30690,,-20.35000,,
2013.31950,,,-3.47000,
2013.32710,,-0.19000,,
2013.34720,,,33.62000,
2013.34770,,25.66000,,
2013.37380,,,60.96000,
2013.37700,,63.92000,,
2013.40120,,,69.37000,
2013.40750,,57.08000,,
2013.42860,,,41.29000,
2013.43670,,36.02000,,
2013.45530,,,38.98000,
2013.45750,,38.47000,,
2013.48280,,,15.60000,
2013.50980,,,7.55000,
2013.53730,,,44.83000,
2013.56410,,,29.62000,
2013.59100,,,41.21000,
2013.61840,,,49.09000,
2013.64560,,,35.82000,
2013.66880,,,38.35000,
2013.70670,,,0.45000,
2013.72680,,,18.09000,
2013.75430,,,61.31000,
2013.78140,,,38.81000,
2013.80790,,,32.88000,
2013.83550,,,27.70000,
2013.86230,,,32.53000,
2013.88980,,,37.27000,
2013.91680,,,-9.82000,
2013.94390,,,-25.51000,
2013.97190,,,-29.84000,
2013.99810,,,4.34000,
2014.02600,,,48.20000,
2014.05260,,,36.89000,
2014.08040,,,45.65000,
2014.10730,,,69.90000,
2014.13420,,,64.02000,
2014.16160,,,-6.88000,
2014.18840,,,17.77000,
2014.21550,,,-19.12000,
2014.24290,,,7.01000,
2014.26990,,,60.14000,
2014.29700,,,34.49000,
2014.32460,,,74.71000,
2014.35140,,,45.83000,
2014.37840,,,-12.28000,
2014.40570,,,5.93000,
2014.43200,,,-0.42000,
2014.46030,,,49.59000,
2014.48730,,,82.24000,
2014.51430,,,54.73000,
2014.54140,,,33.98000,
2014.56850,,,34.79000,
2014.59580,,,49.77000,
2014.62300,,,18.85000,
2014.65000,,,23.21000,
2014.67690,,,52.53000,
2014.70450,,,71.21000,
2014.73170,,,83.09000,
2014.75890,,,-12.71000,
2014.78610,,,41.98000,
2014.81280,,,44.22000,
2014.83990,,,20.41000,
2014.86700,,,49.31000,
2014.89450,,,70.76000,
2014.92140,,,56.78000,
2014.94870,,,21.77000,
2014.97630,,,2.67000,
2015.00290,,,-26.28000,
2015.03010,,,-30.48000,
2015.05750,,,-38.74000,
2015.08430,,,15.66000,
2015.11140,,,90.07000,
2015.13850,,,-48.97000,
2015.16570,,,-26.72000,
2015.19300,,,-6.70000,
2015.22030,,,-30.43000,
2015.24730,,,37.73000,
2015.27430,,,12.17000,
2015.30140,,,-47.71000,
2015.32860,,,26.40000,
2015.35600,,,62.36000,
2015.38310,,,0.73000,
2015.40990,,,-4.49000,
2015.43810,,,-25.67000,
2015.46450,,,33.21000,
2015.49160,,,47.76000,
2015.51900,,,-1.86000,
2015.54630,,,25.85000,
2015.57310,,,36.69000,
2015.59990,,,34.76000,
2015.62770,,,53.19000,
2015.65390,,,34.47000,
2015.68150,,,25.08000,
2015.70870,,,27.75000,
2015.73590,,,44.27000,
2015.76310,,,21.28000,
2015.79000,,,80.85000,
2015.81720,,,78.32000,
2015.84440,,,28.21000,
2015.87190,,,-12.27000,
2015.89880,,,15.47000,
2015.92560,,,63.55000,
2015.95310,,,27.48000,
2015.98020,,,31.99000,
2016.00750,,,-2.12000,
2016.03460,,,121.68000,
2016.06130,,,90.73000,
2016.08970,,,34.32000,
2016.11610,,,56.44000,
2016.12210,,,,64.33000
2016.14290,,,,70.85000
2016.14330,,,68.03000,
2016.16990,,,,53.41000
2016.17030,,,40.87000,
2016.19560,,,,95.25000
2016.19750,,,80.73000,
2016.22380,,,,50.79000
2016.22480,,,43.78000,
2016.25060,,,46.83000,
2016.25150,,,,38.43000
2016.27850,,,,45.93000
2016.27880,,,41.71000,
2016.30600,,,,86.64000
2016.30630,,,86.21000,
2016.33270,,,,55.73000
2016.33310,,,50.00000,
2016.36040,,,,66.83000
2016.36050,,,67.22000,
2016.38740,,,,57.81000
2016.38770,,,56.97000,
2016.41410,,,,27.75000
2016.41440,,,26.97000,
2016.44150,,,,8.30000
2016.44180,,,6.82000,
2016.46850,,,,61.15000
2016.46890,,,59.96000,
2016.49560,,,45.10000,51.46000
2016.52280,,,,27.91000
2016.52310,,,23.57000,
2016.54980,,,,14.88000
2016.55030,,,10.55000,
2016.57700,,,,52.14000
2016.57750,,,50.77000,
2016.60430,,,,63.23000
2016.60480,,,54.39000,
2016.63140,,,,29.40000
2016.63200,,,24.16000,
2016.65840,,,,47.00000
2016.65890,,,43.20000,
2016.68550,,,,46.86000
2016.68600,,,39.10000,
2016.71290,,,,46.93000
2016.71360,,,38.96000,
2016.74010,,,,33.54000
2016.74050,,,31.22000,
2016.76740,,,,12.91000
2016.79060,,,47.84000,
2016.79420,,,,52.96000
2016.80860,,,48.41000,
2016.82120,,,,53.74000
2016.83560,,,45.62000,
2016.84860,,,,54.67000
2016.86260,,,82.51000,
2016.87570,,,,68.33000
2016.89010,,,19.08000,
2016.90290,,,,31.00000
2016.91690,,,59.03000,
2016.92870,,,,37.94000
2016.94440,,,-8.93000,
2016.95690,,,,-25.01000
2016.97130,,,-27.71000,
2016.98440,,,,-57.34000
2016.99850,,,-40.70000,
2017.01140,,,,-16.10000
2017.02560,,,26.24000,
2017.03850,,,,32.16000
2017.05270,,,9.95000,
2017.06570,,,,-5.13000
2017.07980,,,-8.68000,
2017.09300,,,,21.51000
2017.10730,,,55.20000,
2017.12010,,,,67.07000
2017.13420,,,36.12000,
2017.14720,,,,-20.51000
2017.16130,,,-1.46000,
2017.17430,,,,43.58000
2017.18840,,,69.37000,
2017.20180,,,,62.28000
2017.20340,,,40.46000,
2017.22900,,,,8.41000
2017.25090,,,9.39000,
2017.25590,,,,9.30000
2017.26980,,,11.56000,
2017.28310,,,,25.27000
2017.29720,,,43.43000,
2017.30990,,,,43.96000
2017.32410,,,19.87000,
2017.33740,,,,35.30000
2017.35160,,,67.55000,
2017.36410,,,,80.82000
2017.37140,,,120.56000,
2017.39150,,,,44.71000
2017.41870,,,,22.88000
2017.44560,,,,14.26000
2017.47300,,,,51.73000
2017.50020,,,,70.47000
2017.52740,,,,49.87000
2017.55440,,,,35.68000
2017.58150,,,,61.89000
2017.60880,,,,60.68000
2017.63600,,,,28.13000
2017.66330,,,,40.07000
2017.69020,,,,37.77000
2017.71750,,,,61.30000
2017.74440,,,,15.19000
2017.77160,,,,25.14000
2017.79890,,,,44.01000
2017.82570,,,,34.33000
2017.85310,,,,23.14000
2017.88020,,,,25.10000
2017.90750,,,,55.68000
2017.93420,,,,33.07000
2017.96150,,,,14.08000
2017.98870,,,,0.72000
2018.01600,,,,94.26000
2018.04290,,,,76.77000
2018.07000,,,,26.37000
2018.09730,,,,-35.88000
2018.12430,,,,31.35000
2018.15160,,,,75.89000
2018.17900,,,,203.52000
2018.20590,,,,176.51000
2018.23310,,,,145.27000
2018.26030,,,,103.10000
2018.28790,,,,69.10000
2018.31490,,,,8.92000
2018.34210,,,,22.64000
2018.36880,,,,57.64000
2018.39630,,,,61.15000
2018.42330,,,,47.71000
2018.45030,,,,41.71000
2018.47770,,,,49.85000
2018.50470,,,,42.63000
2018.53180,,,,48.91000
2018.55890,,,,52.52000
2018.58590,,,,54.36000
2018.61330,,,,61.92000
2018.64030,,,,54.85000
2018.66760,,,,51.63000
2018.69460,,,,63.97000
2018.72190,,,,71.05000
2018.74900,,,,45.51000
2018.77600,,,,40.80000
2018.80310,,,,22.44000
2018.83060,,,,48.11000
2018.85740,,,,71.25000
2018.88470,,,,27.04000
2018.91180,,,,86.33000
2018.93920,,,,65.86000
2018.96610,,,,73.62000
2018.99360,,,,10.47000
2019.02070,,,,-6.61000
2019.04750,,,,48.79000
2019.07470,,,,78.85000
2019.10170,,,,130.92000
2019.12870,,,,45.85000
2019.14630,,,,-16.21000
2019.18780,,,,76.81000
2019.21010,,,,21.37000
2019.23770,,,,-20.27000
2019.26000,,,,32.34000
2019.29190,,,,95.16000
2019.31900,,,,11.01000
2019.34630,,,,39.12000
2019.37330,,,,54.03000
2019.40050,,,,31.11000
2019.42790,,,,18.76000
2019.45460,,,,15.22000
2019.48190,,,,48.55000
2019.50940,,,,38.53000
2019.53620,,,,55.55000
2019.56340,,,,46.55000
2019.59060,,,,38.15000
2019.61760,,,,35.33000
2019.64500,,,,32.65000
2019.67210,,,,31.64000
2019.69900,,,,31.20000
2019.72640,,,,-8.19000
2019.75350,,,,48.21000
2019.78050,,,,56.30000
2019.80800,,,,47.23000
2019.83550,,,,41.99000
2019.86180,,,,92.06000
2019.88880,,,,112.94000
2019.91630,,,,114.12000
2019.94340,,,,0.02000
2019.97050,,,,86.29000
2019.99780,,,,107.93000
2020.02490,,,,28.01000
2020.05210,,,,20.58000
2020.07430,,,,-9.38000
2020.11840,,,,49.83000
2020.13340,,,,51.19000
2020.16060,,,,41.69000
2020.18750,,,,111.86000
2020.21490,,,,46.17000
2020.24240,,,,8.00000
2020.26910,,,,56.00000
2020.29620,,,,34.11000
2020.32340,,,,90.17000
2020.35060,,,,68.65000
2020.37800,,,,72.73000
2020.40520,,,,25.10000
2020.43220,,,,69.91000
2020.45790,,,,132.57000
2020.48640,,,,71.47000
2020.51350,,,,50.33000
2020.54070,,,,54.37000
2020.56770,,,,73.15000
2020.59530,,,,82.13000
2020.62240,,,,74.79000
2020.64920,,,,61.41000
2020.67670,,,,64.13000
2020.70400,,,,46.79000
2020.73080,,,,49.22000
2020.75770,,,,66.09000
2020.78520,,,,85.45000
2020.81050,,,,82.50000
2020.84010,,,,54.94000
2020.86660,,,,36.63000
2020.89360,,,,81.04000
2020.92080,,,,84.39000
2020.94800,,,,138.34000
2020.97520,,,,72.88000
2021.00230,,,,28.18000
2021.02940,,,,98.11000
2021.05640,,,,66.87000
2021.08360,,,,114.70000
2021.11090,,,,172.34000
2021.13790,,,,124.07000
2021.16570,,,,9.51000
2021.19220,,,,-26.37000
2021.21930,,,,32.97000
2021.24620,,,,27.87000
2021.27350,,,,40.01000
2021.30030,,,,60.36000
2021.32780,,,,72.90000
2021.35510,,,,54.19000
2021.38240,,,,26.93000
2021.40950,,,,-6.97000
2021.43660,,,,53.74000
2021.46380,,,,87.15000
2021.49110,,,,61.93000
2021.51810,,,,21.58000
2021.54490,,,,57.68000
2021.57220,,,,92.69000
2021.59950,,,,81.27000
2021.62720,,,,48.76000
2021.65380,,,,46.95000
2021.68070,,,,69.70000
2021.70810,,,,70.03000
2021.73510,,,,51.99000
2021.76230,,,,26.46000
2021.78940,,,,47.50000
2021.81660,,,,33.83000
2021.84380,,,,58.85000
2021.87120,,,,26.05000
2021.89820,,,,15.26000
2021.92510,,,,107.84000
2021.95240,,,,102.71000
2021.97940,,,,42.02000
2022.00670,,,,84.19000
2022.03390,,,,66.91000
2022.06090,,,,22.75000
2022.08810,,,,-13.58000
2022.11310,,,,51.35000
2022.17810,,,,-11.46000
2022.20130,,,,27.94000
2022.21280,,,,28.20000
2022.25120,,,,-7.44000
2022.31920,,,,77.75000
2022.33840,,,,44.57000
2022.36530,,,,47.90000
2022.39180,,,,46.30000
2022.41950,,,,86.09000
2022.44670,,,,57.57000
2022.47440,,,,59.06000
2022.50110,,,,63.68000
2022.52840,,,,15.76000
2022.55570,,,,46.09000
2022.58280,,,,79.60000
2022.60990,,,,49.65000
2022.63680,,,,46.09000
2022.66410,,,,48.94000
2022.69110,,,,67.72000
2022.71820,,,,63.13000
2022.74560,,,,65.96000
2022.77300,,,,47.46000
2022.79850,,,,45.63000
2022.82960,,,,80.15000
2022.85300,,,,75.83000